Tag,EnglishText,EnglishShort,EnglishAnswer,EnglishAsked,EnglishMissed,MoodChanges,AnimationType,PrerequisiteTag,Topic,InfoTag,Relavance,GermanText,GermanShort,GermanAnswer,GermanAsked,GermanMissed,SwedishText,SwedishShort,SwedishAnswer,SwedishAsked,SwedishMissed,LithuanianText,LithuanianShort,LithuanianAnswer,LithuanianAsked,LithuanianMissed,LatvianText,LatvianShort,LatvianAnswer,LatvianAsked,LatvianMissed
introduction,"Hello, my name is Marite. I am your nurse. What's your name?",What's your name?,"Hello, I’m Mr. Johnson. Robert Johnson. Call me Robert. ",The beginning of the anamnesis interview was very good - it is important to know the name of the person in front of you.,The nurse needs to know the name of the patient. So every anamnesis conversation starts by asking for the person's name.,1,HappyOkay,,introduction,introduction,1,"Hallo, mein Name ist Meeres. Ich bin deine Krankenschwester. Wie heißen Sie?",Wie heißen Sie?,"Hallo, ich bin Mr. Johnson. Robert Johnson. Nenn mich Robert.","Der Beginn des Anamnesis -Interviews war sehr gut - es ist wichtig, den Namen der Person vor Ihnen zu kennen.","Die Krankenschwester muss den Namen des Patienten kennen. So beginnt jedes Anamnesis -Gespräch damit, nach dem Namen der Person zu fragen.","Hej, jag heter Marite. Jag är din sjuksköterska. Vad heter du?",Vad heter du?,"Hej, jag är Mr. Johnson. Robert Johnson. Ring mig Robert.",Början av Anamnese -intervjun var mycket bra - det är viktigt att veta namnet på personen framför dig.,Sjuksköterskan måste känna till patientens namn. Så varje anames -konversation börjar med att be om personens namn.,"Sveiki, mano vardas yra Maritas. Aš esu tavo slaugytoja. Koks tavo vardas?",Koks tavo vardas?,"Sveiki, aš ponas Johnsonas. Robertas Johnsonas. Vadink mane Robertu.",Anamnezės interviu pradžia buvo labai gera - svarbu žinoti priešais jus esančio asmens vardą.,Slaugytoja turi žinoti paciento vardą. Taigi kiekvienas anamnezės pokalbis prasideda prašant asmens vardo.,"Sveiki, mani sauc Marite. Es esmu jūsu medmāsa. Kā tevi sauc?",Kā tevi sauc?,"Sveiki, es esmu Džonsona kungs. Roberts Džonsons. Sauc mani par Robertu.",Anamnēzes intervijas sākums bija ļoti labs - ir svarīgi zināt priekšā esošās personas vārdu.,Medmāsai jāzina pacienta vārds. Tātad katra anamnēzes saruna sākas ar personas vārdu prasīšanu.
date_of_birth,What is your date of birth? ,What is your date of birth? ,"I was born on August 16, 1981. I am 41. ","Very good, it is important to know how old the patient is in order to additionally check the identity.","In order to verify the identity of the patient, it is important to also ask for the patient's birthday - please do not forget!",0,NeutralLegBehind,,introduction,date_of_birth,1,GermanText,GermanShort,GermanAnswer,"Sehr gut, es ist wichtig zu wissen, wie alt der Patient ist, um zusätzlich die Identität zu überprüfen.","Um die Identität des Patienten zu überprüfen, ist es wichtig, auch nach dem Geburtstag des Patienten zu fragen - bitte nicht vergessen!",SwedishText,SwedishShort,SwedishAnswer,"Mycket bra, det är viktigt att veta hur gammal patienten är för att dessutom kontrollera identiteten.",För att verifiera patientens identitet är det viktigt att också be om patientens födelsedag - glöm inte!,LithuanianText,LithuanianShort,LithuanianAnswer,"Labai gerai, svarbu žinoti, kiek pacientui yra metų, kad būtų galima papildomai patikrinti tapatybę.","Norint patikrinti paciento tapatybę, taip pat svarbu paprašyti paciento gimtadienio - nepamirškite!",LatvianText,LatvianShort,LatvianAnswer,"Ļoti labi, ir svarīgi zināt, cik vecs pacients ir, lai papildus pārbaudītu identitāti.","Lai pārbaudītu pacienta identitāti, ir svarīgi arī lūgt pacienta dzimšanas dienu - lūdzu, neaizmirstiet!"
condition,How are you doing?,How are you doing?,"I feel strange: dizzy and shivering all over.  I can't stand, feel like I was working all day. And...I want to pee all the time.  ","This question is the most important question, as it serves to prepare the diagnosis and, depending on the answer, you can or must act very quickly. ","You forgot to ask the most important question. Unfortunately, without this information you cannot act correctly.",0,NeutralLegBehind2,,general,condition,1,Wie geht es Ihnen?,Wie geht es Ihnen?,"Ich fühle mich seltsam: Schwindelig und zitternd. Ich kann nicht ausstehen, das Gefühl, den ganzen Tag zu arbeiten. Und ... ich möchte die ganze Zeit pinkeln.","Diese Frage ist die wichtigste Frage, da sie die Diagnose vorbereitet und je nach Antwort sehr schnell handeln können oder müssen.","Sie haben vergessen, die wichtigste Frage zu stellen. Leider können Sie ohne diese Informationen nicht richtig handeln.",Hur mår du?,Hur mår du?,"Jag känner mig konstig: yr och skakar överallt. Jag tål inte, känner att jag arbetade hela dagen. Och ... jag vill kissa hela tiden.","Denna fråga är den viktigaste frågan, eftersom den tjänar till att förbereda diagnosen och beroende på svaret kan du eller måste agera mycket snabbt.","Du glömde att ställa den viktigaste frågan. Tyvärr, utan denna information kan du inte agera korrekt.",Kaip tau sekasi?,Kaip tau sekasi?,"Jaučiuosi keista: svaigsta galva ir drebu. Aš negaliu pakęsti, jausti, kad dirbau visą dieną. Ir ... aš noriu visą laiką šlapintis.","Šis klausimas yra svarbiausias klausimas, nes jis padeda paruošti diagnozę ir, atsižvelgiant į atsakymą, galite arba turite veikti labai greitai.","Pamiršote užduoti svarbiausią klausimą. Deja, be šios informacijos negalite elgtis teisingai.",Kā tev iet?,Kā tev iet?,"Es jūtos dīvaini: reibonis un drebuļi visā. Es nevaru izturēt, justies kā visu dienu strādāju. Un ... es gribu visu laiku urinēt.","Šis jautājums ir vissvarīgākais jautājums, jo tas kalpo diagnozes sagatavošanai, un atkarībā no atbildes jūs varat vai ir jārīkojas ļoti ātri.",Jūs aizmirsāt uzdot vissvarīgāko jautājumu. Diemžēl bez šīs informācijas jūs nevarat rīkoties pareizi.
condition_time,How long have you felt like this? ,How long have you felt like this? ,"About 2 hours, perhaps...It started almost right after I took my medicine.","It is very good that you ask - by doing so, you already pay attention to the differential diagnosis and thus support the doctor's diagnosis.","You forgot to ask the most important question. Unfortunately, without this information you cannot act correctly.",0,NeutralLegBehind,condition,general,condition_time,1,Wie lange hast du dich schon so gefühlt?,#REF!,"Ungefähr 2 Stunden, vielleicht ... es begann fast gleich, nachdem ich meine Medizin genommen hatte.","Es ist sehr gut, dass Sie fragen - auf diese Weise achten Sie bereits auf die Differentialdiagnose und unterstützen somit die Arztdiagnose.","Sie haben vergessen, die wichtigste Frage zu stellen. Leider können Sie ohne diese Informationen nicht richtig handeln.",Hur länge har du känt så här?,#REF!,"Cirka 2 timmar, kanske ... det började nästan direkt efter att jag tog min medicin.",Det är mycket bra att du frågar - genom att göra det är du redan uppmärksam på den differentiella diagnosen och därmed stöder läkarens diagnos.,"Du glömde att ställa den viktigaste frågan. Tyvärr, utan denna information kan du inte agera korrekt.",Kiek laiko taip jautėtės?,#REF!,"Galbūt apie 2 valandas ... Tai prasidėjo beveik iškart po to, kai aš išgėriau vaistų.","Labai gerai, kad jūs klausiate - tai darydami jau atkreipiate dėmesį į diferencinę diagnozę ir taip palaikote gydytojo diagnozę.","Pamiršote užduoti svarbiausią klausimą. Deja, be šios informacijos negalite elgtis teisingai.",Cik ilgi tu esi šāds?,#REF!,"Iespējams, ka apmēram 2 stundas ... tas sākās gandrīz uzreiz pēc tam, kad es lietoju zāles.","Tas ir ļoti labi, ka jūs jautājat - to darot, jūs jau pievēršat uzmanību diferenciāldiagnozei un tādējādi atbalstāt ārsta diagnozi.",Jūs aizmirsāt uzdot vissvarīgāko jautājumu. Diemžēl bez šīs informācijas jūs nevarat rīkoties pareizi.
other_complaints,Do you have any other complaints?,Any other complaints?,Yeees...I feel so hungry. And that sweat makes me mad. Can you stop it?!,"It is very good that you ask - by doing so, you already pay attention to the differential diagnosis and thus support the doctor's diagnosis.","You first ask about other complaints before you even record the patient's current condition. Unfortunately, this is not the correct order.",0,NeutralLegBehind3,,general,other_comaplaints,1,GermanText,GermanShort,GermanAnswer,"Es ist sehr gut, dass Sie fragen - auf diese Weise achten Sie bereits auf die Differentialdiagnose und unterstützen somit die Arztdiagnose.","Sie fragen zuerst nach anderen Beschwerden, bevor Sie den aktuellen Zustand des Patienten überhaupt aufzeichnen. Leider ist dies nicht die richtige Reihenfolge.",SwedishText,SwedishShort,SwedishAnswer,Det är mycket bra att du frågar - genom att göra det är du redan uppmärksam på den differentiella diagnosen och därmed stöder läkarens diagnos.,Du frågar först om andra klagomål innan du ens registrerar patientens nuvarande tillstånd. Tyvärr är detta inte rätt ordning.,LithuanianText,LithuanianShort,LithuanianAnswer,"Labai gerai, kad jūs klausiate - tai darydami jau atkreipiate dėmesį į diferencinę diagnozę ir taip palaikote gydytojo diagnozę.","Pirmiausia klausiate apie kitus skundus, prieš net įrašydami dabartinę paciento būklę. Deja, tai nėra teisinga tvarka.",LatvianText,LatvianShort,LatvianAnswer,"Tas ir ļoti labi, ka jūs jautājat - to darot, jūs jau pievēršat uzmanību diferenciāldiagnozei un tādējādi atbalstāt ārsta diagnozi.","Vispirms jautājat par citām sūdzībām, pirms pat reģistrējat pacienta pašreizējo stāvokli. Diemžēl tā nav pareizā kārtība."
chronic_disease,What chronic diseases are you suffering from? ,Chronic diseases?,I have diabetes and blood pressure problems... ,"It is very good that you ask - by doing so, you already pay attention to the differential diagnosis and thus support the doctor's diagnosis. Furthermore, it is important to include the expertise of the patient.",This question is important because it may give you clues about the acute illness. Please do not forget!,0,NeutralThinking,,medical_history,has_diabetes,1,Unter welchen chronischen Krankheiten leiden Sie?,Irgendwelche anderen Beschwerden?,Ich habe Diabetes und Blutdruckprobleme ...,"Es ist sehr gut, dass Sie fragen - auf diese Weise achten Sie bereits auf die Differentialdiagnose und unterstützen somit die Arztdiagnose. Darüber hinaus ist es wichtig, das Fachwissen des Patienten einzubeziehen.","Diese Frage ist wichtig, da sie Ihnen Hinweise auf die akute Krankheit geben kann. Bitte vergiss nicht!",Vilka kroniska sjukdomar lider du av?,Några andra klagomål?,Jag har diabetes- och blodtrycksproblem ...,Det är mycket bra att du frågar - genom att göra det är du redan uppmärksam på den differentiella diagnosen och därmed stöder läkarens diagnos. Dessutom är det viktigt att inkludera patientens expertis.,Denna fråga är viktig eftersom den kan ge dig ledtrådar om den akuta sjukdomen. Snälla glöm inte!,Kokios lėtinės ligos kenčia?,Ar yra kitų skundų?,Aš sergu diabetu ir kraujospūdžio problemomis ...,"Labai gerai, kad jūs klausiate - tai darydami jau atkreipiate dėmesį į diferencinę diagnozę ir taip palaikote gydytojo diagnozę. Be to, svarbu įtraukti paciento kompetenciją.","Šis klausimas yra svarbus, nes jis gali suteikti jums užuominų apie ūmią ligą. Prašau nepamiršk!",No kādām hroniskām slimībām jūs ciešat?,Vai ir kādas citas sūdzības?,Man ir diabēta un asinsspiediena problēmas ...,"Tas ir ļoti labi, ka jūs jautājat - to darot, jūs jau pievēršat uzmanību diferenciāldiagnozei un tādējādi atbalstāt ārsta diagnozi. Turklāt ir svarīgi iekļaut pacienta zināšanas.","Šis jautājums ir svarīgs, jo tas var dot jums norādes par akūto slimību. Lūdzu, neaizmirstiet!"
hospitalization,Have you been to the Emergency room or hospitalised during the past 12 monts?,Have you been hospitalized recently?,"Yeah, because of my blood pressure. It was bad...","For the initial interview with a patient with the symptoms described, it is not a priority to know whether the patient has been under medical treatment in the last 12 months. In order to come to a faster treatment, it is best to omit this question. ",This question is not necessary for the first medical history interview. It is good that you did not select it.,0,NeutralLegBehind,,medical_history,recently_hospitalized,0,GermanText,GermanShort,GermanAnswer,"Für das erste Interview mit einem Patienten mit den beschriebenen Symptomen ist es keine Priorität zu wissen, ob der Patient in den letzten 12 Monaten medizinisch behandelt wurde. Um zu einer schnelleren Behandlung zu kommen, ist es am besten, diese Frage wegzulassen.","Diese Frage ist für das erste Interview für Krankengeschichte nicht erforderlich. Es ist gut, dass Sie es nicht ausgewählt haben.",SwedishText,SwedishShort,SwedishAnswer,För den första intervjun med en patient med de beskrivna symtomen är det inte en prioritering att veta om patienten har varit under medicinsk behandling under de senaste 12 månaderna. För att komma till en snabbare behandling är det bäst att utelämna denna fråga.,Denna fråga är inte nödvändig för den första medicinska historien. Det är bra att du inte valde det.,LithuanianText,LithuanianShort,LithuanianAnswer,"Pradiniam pokalbiui su pacientu, kuriam aprašyti simptomai, nėra prioritetas žinoti, ar pacientas gydėsi per pastaruosius 12 mėnesių. Norint greičiau elgtis, geriausia praleisti šį klausimą.","Šis klausimas nėra būtinas pirmajam pokalbiui dėl ligos istorijos. Gerai, kad jūs to nepasirinkote.",LatvianText,LatvianShort,LatvianAnswer,"Sākotnējā intervijā ar pacientu ar aprakstītajiem simptomiem nav prioritāte zināt, vai pacients pēdējos 12 mēnešos ir ārstējies. Lai ātrāk ārstētos, vislabāk ir izlaist šo jautājumu.","Šis jautājums nav nepieciešams pirmajai intervijai medicīniskajā vēsturē. Ir labi, ka jūs to neizvēlējāties."
surgery,Have you had any surgical procedures in the past few years?,Have you had surgery recently?,"Yeah, I had a surgery on my appendix five years ago.","For the initial consultation with a patient with the symptoms described, it is not a priority to know whether the patient has had surgery in the last 12 months. In order to come to a faster treatment, it is best to omit this question. ",This question is not necessary for the first medical history interview. It is good that you did not select it.,0,NeutralLegBehind4,,medical_history,,0,Haben Sie in den letzten Jahren chirurgische Eingriffe gehabt?,Wurden Sie kürzlich ins Krankenhaus eingeliefert?,"Ja, ich hatte vor fünf Jahren eine Operation in meinem Anhang.",#REF!,#REF!,Har du haft några kirurgiska ingrepp under de senaste åren?,Har du varit på sjukhus nyligen?,"Ja, jag hade en operation på min bilaga för fem år sedan.",#REF!,#REF!,Ar per pastaruosius kelerius metus atlikote kokių nors chirurginių procedūrų?,Ar neseniai buvote paguldytas į ligoninę?,"Taip, man prieš penkerius metus man buvo atlikta operacija.",#REF!,#REF!,Vai jums pēdējos gados ir bijušas kādas ķirurģiskas procedūras?,Vai nesen esat hospitalizēts?,"Jā, man bija operācija par manu pielikumu pirms pieciem gadiem.",#REF!,#REF!
diabetes_type,What type of diabetes do you have?,What type of diabetes?,Type 1,"It is very good that you ask - by doing so, you already pay attention to the differential diagnosis and thus support the doctor's diagnosis. Furthermore, it is important to include the expertise of the patient.",,0,NeutralThinking,,diabetes,diabetes_type,1,GermanText,GermanShort,GermanAnswer,"Für die erste Konsultation mit einem Patienten mit den beschriebenen Symptomen ist es keine Priorität zu wissen, ob der Patient in den letzten 12 Monaten operiert wurde. Um zu einer schnelleren Behandlung zu kommen, ist es am besten, diese Frage wegzulassen.","Diese Frage ist für das erste Interview für Krankengeschichte nicht erforderlich. Es ist gut, dass Sie es nicht ausgewählt haben.",SwedishText,SwedishShort,SwedishAnswer,För det första samrådet med en patient med de beskrivna symtomen är det inte en prioritering att veta om patienten har genomgått operation under de senaste 12 månaderna. För att komma till en snabbare behandling är det bäst att utelämna denna fråga.,Denna fråga är inte nödvändig för den första medicinska historien. Det är bra att du inte valde det.,LithuanianText,LithuanianShort,LithuanianAnswer,"Pradinėms konsultacijoms su pacientu, kuriam aprašyti simptomai, nėra prioritetas žinoti, ar pacientui buvo atlikta operacija per pastaruosius 12 mėnesių. Norint greičiau elgtis, geriausia praleisti šį klausimą.","Šis klausimas nėra būtinas pirmajam pokalbiui dėl ligos istorijos. Gerai, kad jūs to nepasirinkote.",LatvianText,LatvianShort,LatvianAnswer,"Sākotnējai konsultācijai ar pacientu ar aprakstītajiem simptomiem nav prioritāte zināt, vai pacientam ir veikta operācija pēdējos 12 mēnešos. Lai ātrāk ārstētos, vislabāk ir izlaist šo jautājumu.","Šis jautājums nav nepieciešams pirmajai intervijai medicīniskajā vēsturē. Ir labi, ka jūs to neizvēlējāties."
time_of_diagnosis,When were you diagnosed with diabetes?,When where you diagnosed?,"Ehh...I don't feel well. Since childhood, I was at the Elementary school. ","For the acute situation, it is not necessary to know how long the patient has had diabetes.",This question is not necessary for the first medical history interview. It is good that you did not select it.,0,NeutralLegBehind,diabetes_type,diabetes,diabetes_diagnosis_time,0,Wann wurde bei Ihnen Diabetes diagnostiziert?,Welche Art von Diabetes?,Ehh ... ich fühle mich nicht gut. Seit ihrer Kindheit war ich an der Grundschule.,"Es ist sehr gut, dass Sie fragen - auf diese Weise achten Sie bereits auf die Differentialdiagnose und unterstützen somit die Arztdiagnose. Darüber hinaus ist es wichtig, das Fachwissen des Patienten einzubeziehen.",#VALUE!,När diagnostiserades du med diabetes?,Vilken typ av diabetes?,Ehh ... Jag mår inte bra. Sedan barndomen var jag på grundskolan.,Det är mycket bra att du frågar - genom att göra det är du redan uppmärksam på den differentiella diagnosen och därmed stöder läkarens diagnos. Dessutom är det viktigt att inkludera patientens expertis.,#VALUE!,Kada jums buvo diagnozuotas diabetas?,Kokio tipo diabetas?,Ehh ... Aš nesijaučiu gerai. Nuo vaikystės mokiausi pradinėje mokykloje.,"Labai gerai, kad jūs klausiate - tai darydami jau atkreipiate dėmesį į diferencinę diagnozę ir taip palaikote gydytojo diagnozę. Be to, svarbu įtraukti paciento kompetenciją.",#VALUE!,Kad jums tika diagnosticēts diabēts?,Kāda veida diabēts?,Ehh ... es nejūtos labi. Kopš bērnības es biju pamatskolā.,"Tas ir ļoti labi, ka jūs jautājat - to darot, jūs jau pievēršat uzmanību diferenciāldiagnozei un tādējādi atbalstāt ārsta diagnozi. Turklāt ir svarīgi iekļaut pacienta zināšanas.",#VALUE!
diabetes_education,Have you ever been instructed how to handle your diabetes?,Have you been instructed?,I have.,"For the acute situation, this information is not a priority. Only in the case of further treatment or inpatient admission can further discussions be held in this regard. It is good that you did not ask this question in the acute situation.",This question is not necessary for the first medical history interview. It is good that you did not select it.,0,NeutralLegBehind5,,diabetes,,0,GermanText,GermanShort,GermanAnswer,"Für die akute Situation ist es nicht notwendig zu wissen, wie lange der Patient Diabetes hatte.","Diese Frage ist für das erste Interview für Krankengeschichte nicht erforderlich. Es ist gut, dass Sie es nicht ausgewählt haben.",SwedishText,SwedishShort,SwedishAnswer,För den akuta situationen är det inte nödvändigt att veta hur länge patienten har haft diabetes.,Denna fråga är inte nödvändig för den första medicinska historien. Det är bra att du inte valde det.,LithuanianText,LithuanianShort,LithuanianAnswer,"Dėl ūmios situacijos nebūtina žinoti, kiek laiko pacientas serga cukriniu diabetu.","Šis klausimas nėra būtinas pirmajam pokalbiui dėl ligos istorijos. Gerai, kad jūs to nepasirinkote.",LatvianText,LatvianShort,LatvianAnswer,"Akūtā situācijā nav jāzina, cik ilgi pacientam ir bijis diabēts.","Šis jautājums nav nepieciešams pirmajai intervijai medicīniskajā vēsturē. Ir labi, ka jūs to neizvēlējāties."
pump_usage,Do you use insulin pump?,Do you use insulin pump?,"Yes, sure.","For the acute situation, this information is not a priority. Only in the case of further treatment or inpatient admission can further discussions be held in this regard. It is good that you did not ask this question in the acute situation.",This question is not necessary for the first medical history interview. It is good that you did not select it.,0,NeutralThinking,,insulin,,0,Verwenden Sie Insulinpumpe?,Wurden Sie angewiesen?,Ja sicher.,"Für die akute Situation haben diese Informationen keine Priorität. Nur bei weiterer Behandlung oder stationärer Zulassung kann diesbezüglich weitere Diskussionen durchgeführt werden. Es ist gut, dass Sie diese Frage in der akuten Situation nicht gestellt haben.","Diese Frage ist für das erste Interview für Krankengeschichte nicht erforderlich. Es ist gut, dass Sie es nicht ausgewählt haben.",Använder du insulinpump?,Har du fått instruktioner?,Ja visst.,För den akuta situationen är denna information inte en prioritering. Endast i fallet med ytterligare behandling eller inpatientinträde kan ytterligare diskussioner hållas i detta avseende. Det är bra att du inte ställde denna fråga i den akuta situationen.,Denna fråga är inte nödvändig för den första medicinska historien. Det är bra att du inte valde det.,Ar naudojate insulino siurblį?,Ar tau buvo liepta?,"Taip, žinoma.","Dėl ūmios situacijos ši informacija nėra prioritetas. Tik tolesnio gydymo ar stacionarinio priėmimo atveju gali būti toliau diskutuojamos šiuo atžvilgiu. Gerai, kad jūs neuždavėte šio klausimo ūminėje situacijoje.","Šis klausimas nėra būtinas pirmajam pokalbiui dėl ligos istorijos. Gerai, kad jūs to nepasirinkote.",Vai jūs izmantojat insulīna sūkni?,Vai jums ir norādīts?,"Jā, protams.","Akūtā situācijā šī informācija nav prioritāte. Tikai turpmākas ārstēšanas vai stacionāras uzņemšanas gadījumā šajā sakarā var turpināt diskusijas. Ir labi, ka jūs neuzdodāt šo jautājumu akūtā situācijā.","Šis jautājums nav nepieciešams pirmajai intervijai medicīniskajā vēsturē. Ir labi, ka jūs to neizvēlējāties."
pump_brand,What  is the brand of pump?,Brand of pump?,Accu-Chek Combo,"For the acute situation, this information is not a priority. Only in the case of further treatment or inpatient admission can further discussions be held in this regard. It is good that you did not ask this question in the acute situation.",This question is not necessary for the first medical history interview. It is good that you did not select it.,0,NeutralLegBehind,pump_usage,insulin,,0,GermanText,GermanShort,GermanAnswer,"Für die akute Situation haben diese Informationen keine Priorität. Nur bei weiterer Behandlung oder stationärer Zulassung kann diesbezüglich weitere Diskussionen durchgeführt werden. Es ist gut, dass Sie diese Frage in der akuten Situation nicht gestellt haben.","Diese Frage ist für das erste Interview für Krankengeschichte nicht erforderlich. Es ist gut, dass Sie es nicht ausgewählt haben.",SwedishText,SwedishShort,SwedishAnswer,För den akuta situationen är denna information inte en prioritering. Endast i fallet med ytterligare behandling eller inpatientinträde kan ytterligare diskussioner hållas i detta avseende. Det är bra att du inte ställde denna fråga i den akuta situationen.,Denna fråga är inte nödvändig för den första medicinska historien. Det är bra att du inte valde det.,LithuanianText,LithuanianShort,LithuanianAnswer,"Dėl ūmios situacijos ši informacija nėra prioritetas. Tik tolesnio gydymo ar stacionarinio priėmimo atveju gali būti toliau diskutuojamos šiuo atžvilgiu. Gerai, kad jūs neuždavėte šio klausimo ūminėje situacijoje.","Šis klausimas nėra būtinas pirmajam pokalbiui dėl ligos istorijos. Gerai, kad jūs to nepasirinkote.",LatvianText,LatvianShort,LatvianAnswer,"Akūtā situācijā šī informācija nav prioritāte. Tikai turpmākas ārstēšanas vai stacionāras uzņemšanas gadījumā šajā sakarā var turpināt diskusijas. Ir labi, ka jūs neuzdodāt šo jautājumu akūtā situācijā.","Šis jautājums nav nepieciešams pirmajai intervijai medicīniskajā vēsturē. Ir labi, ka jūs to neizvēlējāties."
pump_usage_time,How long have you had your insulin pump?,How long have you had a pump?,For two years now...,"For the acute situation, this information is not a priority. Only in the case of further treatment or inpatient admission can further discussions be held in this regard. It is good that you did not ask this question in the acute situation.",This question is not necessary for the first medical history interview. It is good that you did not select it.,0,NeutralLegBehind6,pump_usage,insulin,,0,Wie lange haben Sie Ihre Insulinpumpe schon?,Pumpenmarke?,Seit zwei Jahren ...,"Für die akute Situation haben diese Informationen keine Priorität. Nur bei weiterer Behandlung oder stationärer Zulassung kann diesbezüglich weitere Diskussionen durchgeführt werden. Es ist gut, dass Sie diese Frage in der akuten Situation nicht gestellt haben.","Diese Frage ist für das erste Interview für Krankengeschichte nicht erforderlich. Es ist gut, dass Sie es nicht ausgewählt haben.",Hur länge har du haft din insulinpump?,Pumpmärke?,I två år nu ...,För den akuta situationen är denna information inte en prioritering. Endast i fallet med ytterligare behandling eller inpatientinträde kan ytterligare diskussioner hållas i detta avseende. Det är bra att du inte ställde denna fråga i den akuta situationen.,Denna fråga är inte nödvändig för den första medicinska historien. Det är bra att du inte valde det.,Kiek laiko turite savo insulino pompą?,Prekės ženklas siurblys?,Dabar dvejus metus ...,"Dėl ūmios situacijos ši informacija nėra prioritetas. Tik tolesnio gydymo ar stacionarinio priėmimo atveju gali būti toliau diskutuojamos šiuo atžvilgiu. Gerai, kad jūs neuždavėte šio klausimo ūminėje situacijoje.","Šis klausimas nėra būtinas pirmajam pokalbiui dėl ligos istorijos. Gerai, kad jūs to nepasirinkote.",Cik ilgi jums ir bijis insulīna sūknis?,Sūkņa zīmols?,Jau divus gadus ...,"Akūtā situācijā šī informācija nav prioritāte. Tikai turpmākas ārstēšanas vai stacionāras uzņemšanas gadījumā šajā sakarā var turpināt diskusijas. Ir labi, ka jūs neuzdodāt šo jautājumu akūtā situācijā.","Šis jautājums nav nepieciešams pirmajai intervijai medicīniskajā vēsturē. Ir labi, ka jūs to neizvēlējāties."
pump_problems,Have you ever had problems with the insulin pump?,Any problems with the pump?,"No, I was always very comfortable with it.","For the acute situation, this information is not a priority. Only in the case of further treatment or inpatient admission can further discussions be held in this regard. It is good that you did not ask this question in the acute situation.",This question is not necessary for the first medical history interview. It is good that you did not select it.,0,NeutralThinking,pump_usage,insulin,,0,GermanText,GermanShort,GermanAnswer,"Für die akute Situation haben diese Informationen keine Priorität. Nur bei weiterer Behandlung oder stationärer Zulassung kann diesbezüglich weitere Diskussionen durchgeführt werden. Es ist gut, dass Sie diese Frage in der akuten Situation nicht gestellt haben.","Diese Frage ist für das erste Interview für Krankengeschichte nicht erforderlich. Es ist gut, dass Sie es nicht ausgewählt haben.",SwedishText,SwedishShort,SwedishAnswer,För den akuta situationen är denna information inte en prioritering. Endast i fallet med ytterligare behandling eller inpatientinträde kan ytterligare diskussioner hållas i detta avseende. Det är bra att du inte ställde denna fråga i den akuta situationen.,Denna fråga är inte nödvändig för den första medicinska historien. Det är bra att du inte valde det.,LithuanianText,LithuanianShort,LithuanianAnswer,"Dėl ūmios situacijos ši informacija nėra prioritetas. Tik tolesnio gydymo ar stacionarinio priėmimo atveju gali būti toliau diskutuojamos šiuo atžvilgiu. Gerai, kad jūs neuždavėte šio klausimo ūminėje situacijoje.","Šis klausimas nėra būtinas pirmajam pokalbiui dėl ligos istorijos. Gerai, kad jūs to nepasirinkote.",LatvianText,LatvianShort,LatvianAnswer,"Akūtā situācijā šī informācija nav prioritāte. Tikai turpmākas ārstēšanas vai stacionāras uzņemšanas gadījumā šajā sakarā var turpināt diskusijas. Ir labi, ka jūs neuzdodāt šo jautājumu akūtā situācijā.","Šis jautājums nav nepieciešams pirmajai intervijai medicīniskajā vēsturē. Ir labi, ka jūs to neizvēlējāties."
insulin_dosage,How is your insulin dosage calculated?,How is dosage calculated?,It does automatically. I don't know anything about that.,"For the acute situation, this information is not a priority. Only in the case of further treatment or inpatient admission can further discussions be held in this regard. It is good that you did not ask this question in the acute situation.",This question is not necessary for the first medical history interview. It is good that you did not select it.,0,NeutralLegBehind,,insulin,,0,Wie wird Ihre Insulin -Dosierung berechnet?,Irgendwelche Probleme mit der Pumpe?,Es tut automatisch. Ich weiß nichts darüber.,"Für die akute Situation haben diese Informationen keine Priorität. Nur bei weiterer Behandlung oder stationärer Zulassung kann diesbezüglich weitere Diskussionen durchgeführt werden. Es ist gut, dass Sie diese Frage in der akuten Situation nicht gestellt haben.","Diese Frage ist für das erste Interview für Krankengeschichte nicht erforderlich. Es ist gut, dass Sie es nicht ausgewählt haben.",Hur beräknas din insulindos?,Några problem med pumpen?,Det gör automatiskt. Jag vet ingenting om det.,För den akuta situationen är denna information inte en prioritering. Endast i fallet med ytterligare behandling eller inpatientinträde kan ytterligare diskussioner hållas i detta avseende. Det är bra att du inte ställde denna fråga i den akuta situationen.,Denna fråga är inte nödvändig för den första medicinska historien. Det är bra att du inte valde det.,Kaip apskaičiuojama jūsų insulino dozė?,Ar yra kokių nors siurblio problemų?,Tai veikia automatiškai. Aš nieko apie tai nežinau.,"Dėl ūmios situacijos ši informacija nėra prioritetas. Tik tolesnio gydymo ar stacionarinio priėmimo atveju gali būti toliau diskutuojamos šiuo atžvilgiu. Gerai, kad jūs neuždavėte šio klausimo ūminėje situacijoje.","Šis klausimas nėra būtinas pirmajam pokalbiui dėl ligos istorijos. Gerai, kad jūs to nepasirinkote.",Kā tiek aprēķināta jūsu insulīna deva?,Vai ir kādas problēmas ar sūkni?,Tas notiek automātiski. Es par to neko nezinu.,"Akūtā situācijā šī informācija nav prioritāte. Tikai turpmākas ārstēšanas vai stacionāras uzņemšanas gadījumā šajā sakarā var turpināt diskusijas. Ir labi, ka jūs neuzdodāt šo jautājumu akūtā situācijā.","Šis jautājums nav nepieciešams pirmajai intervijai medicīniskajā vēsturē. Ir labi, ka jūs to neizvēlējāties."
medicines,What medicines have you taken? ,What medicines?,Insulin. Same dose as usual.,,,0,NeutralLegBehind7,,diabetes,,1,GermanText,GermanShort,GermanAnswer,"Für die akute Situation haben diese Informationen keine Priorität. Nur bei weiterer Behandlung oder stationärer Zulassung kann diesbezüglich weitere Diskussionen durchgeführt werden. Es ist gut, dass Sie diese Frage in der akuten Situation nicht gestellt haben.","Diese Frage ist für das erste Interview für Krankengeschichte nicht erforderlich. Es ist gut, dass Sie es nicht ausgewählt haben.",SwedishText,SwedishShort,SwedishAnswer,För den akuta situationen är denna information inte en prioritering. Endast i fallet med ytterligare behandling eller inpatientinträde kan ytterligare diskussioner hållas i detta avseende. Det är bra att du inte ställde denna fråga i den akuta situationen.,Denna fråga är inte nödvändig för den första medicinska historien. Det är bra att du inte valde det.,LithuanianText,LithuanianShort,LithuanianAnswer,"Dėl ūmios situacijos ši informacija nėra prioritetas. Tik tolesnio gydymo ar stacionarinio priėmimo atveju gali būti toliau diskutuojamos šiuo atžvilgiu. Gerai, kad jūs neuždavėte šio klausimo ūminėje situacijoje.","Šis klausimas nėra būtinas pirmajam pokalbiui dėl ligos istorijos. Gerai, kad jūs to nepasirinkote.",LatvianText,LatvianShort,LatvianAnswer,"Akūtā situācijā šī informācija nav prioritāte. Tikai turpmākas ārstēšanas vai stacionāras uzņemšanas gadījumā šajā sakarā var turpināt diskusijas. Ir labi, ka jūs neuzdodāt šo jautājumu akūtā situācijā.","Šis jautājums nav nepieciešams pirmajai intervijai medicīniskajā vēsturē. Ir labi, ka jūs to neizvēlējāties."
glucose_monitor,Do you test your blood sugar or have a glucose monitor?,Do you test your lbood sugar?,"Yes, I check it on a screen of the pump.",,,0,NeutralThinking,,diabetes,,1,Testen Sie Ihren Blutzucker oder haben Sie einen Glukosemonitor?,Welche Medikamente?,"Ja, ich überprüfe es auf einem Bildschirm der Pumpe.",#VALUE!,#VALUE!,Testar du ditt blodsocker eller har du en glukosmonitor?,Vilka läkemedel?,"Ja, jag kontrollerar den på en skärm på pumpen.",#VALUE!,#VALUE!,"Ar išbandote cukraus kiekį kraujyje, ar turite gliukozės monitorių?",Kokie vaistai?,"Taip, aš jį tikrinu siurblio ekrane.",#VALUE!,#VALUE!,Vai jūs pārbaudāt cukura līmeni asinīs vai jums ir glikozes monitors?,Kādas zāles?,"Jā, es to pārbaudu sūkņa ekrānā.",#VALUE!,#VALUE!
urine_test,Do you test your urine?,Do you test your urine?,"Ehh, noo...","For the acute situation, this information is not a priority. Only in the case of further treatment or inpatient admission can further discussions be held in this regard. It is good that you did not ask this question in the acute situation.",This question is not necessary for the first medical history interview. It is good that you did not select it.,0,NeutralLegBehind,,diabetes,,0,GermanText,GermanShort,GermanAnswer,#VALUE!,#VALUE!,SwedishText,SwedishShort,SwedishAnswer,#VALUE!,#VALUE!,LithuanianText,LithuanianShort,LithuanianAnswer,#VALUE!,#VALUE!,LatvianText,LatvianShort,LatvianAnswer,#VALUE!,#VALUE!
medical_complications,Do you have any complications of diabetes or other medical conditions?,Any complications?,"Yes I have high blood pressure. I had a urinary tracts infection in the past. It seems, it's been back recently.",,,0,NeutralLegBehind8,,diabetes,,1,Haben Sie Komplikationen von Diabetes oder anderen Erkrankungen?,Testen Sie Ihren Urin?,"Ja, ich habe hohen Blutdruck. Ich hatte in der Vergangenheit eine Harnwegsinfektion. Es scheint, dass es in letzter Zeit zurück war.","Für die akute Situation haben diese Informationen keine Priorität. Nur bei weiterer Behandlung oder stationärer Zulassung kann diesbezüglich weitere Diskussionen durchgeführt werden. Es ist gut, dass Sie diese Frage in der akuten Situation nicht gestellt haben.","Diese Frage ist für das erste Interview für Krankengeschichte nicht erforderlich. Es ist gut, dass Sie es nicht ausgewählt haben.",Har du några komplikationer av diabetes eller andra medicinska tillstånd?,Testar du urinen?,"Ja, jag har högt blodtryck. Jag hade en urinvägsinfektion tidigare. Det verkar som om det har varit tillbaka nyligen.",För den akuta situationen är denna information inte en prioritering. Endast i fallet med ytterligare behandling eller inpatientinträde kan ytterligare diskussioner hållas i detta avseende. Det är bra att du inte ställde denna fråga i den akuta situationen.,Denna fråga är inte nödvändig för den första medicinska historien. Det är bra att du inte valde det.,Ar turite kokių nors diabeto ar kitų sveikatos sutrikimų komplikacijų?,Ar išbandote savo šlapimą?,"Taip, aš turiu aukštą kraujospūdį. Anksčiau turėjau šlapimo takų infekciją. Atrodo, neseniai vėl.","Dėl ūmios situacijos ši informacija nėra prioritetas. Tik tolesnio gydymo ar stacionarinio priėmimo atveju gali būti toliau diskutuojamos šiuo atžvilgiu. Gerai, kad jūs neuždavėte šio klausimo ūminėje situacijoje.","Šis klausimas nėra būtinas pirmajam pokalbiui dėl ligos istorijos. Gerai, kad jūs to nepasirinkote.",Vai jums ir kādas diabēta vai citu medicīnisko stāvokļu komplikācijas?,Vai jūs pārbaudāt savu urīnu?,"Jā, man ir paaugstināts asinsspiediens. Iepriekš man bija urīnceļu infekcija. Liekas, ka nesen tas ir bijis atpakaļ.","Akūtā situācijā šī informācija nav prioritāte. Tikai turpmākas ārstēšanas vai stacionāras uzņemšanas gadījumā šajā sakarā var turpināt diskusijas. Ir labi, ka jūs neuzdodāt šo jautājumu akūtā situācijā.","Šis jautājums nav nepieciešams pirmajai intervijai medicīniskajā vēsturē. Ir labi, ka jūs to neizvēlējāties."
other_problems,"Do you have any other problems? Perhaps, eye or dental problems, numbness/pain? How is your heart? Kidney? What about your sexual life?",Other problems?,"Yes, I often have troubles in a toilet. Infections sometime...","For the acute situation, this information is not a priority. Only in the case of further treatment or inpatient admission can further discussions be held in this regard. It is good that you did not ask this question in the acute situation.",This question is not necessary for the first medical history interview. It is good that you did not select it.,0,NeutralThinking,,diabetes,,0,GermanText,GermanShort,GermanAnswer,#REF!,#REF!,SwedishText,SwedishShort,SwedishAnswer,#REF!,#REF!,LithuanianText,LithuanianShort,LithuanianAnswer,#REF!,#REF!,LatvianText,LatvianShort,LatvianAnswer,#REF!,#REF!
family_history,Is diabetes common in your family?,Family history?,"Yes, my father has it. If I'm not wrong, my grandma had it too.","For the acute situation, this information is not a priority. Only in the case of further treatment or inpatient admission can further discussions be held in this regard. It is good that you did not ask this question in the acute situation.",This question is not necessary for the first medical history interview. It is good that you did not select it.,0,NeutralLegBehind,,diabetes,,0,Ist Diabetes in Ihrer Familie üblich?,Irgendwelche Komplikationen?,"Ja, mein Vater hat es. Wenn ich mich nicht irre, hatte meine Oma es auch.",#VALUE!,#VALUE!,Är diabetes vanligt i din familj?,Några komplikationer?,"Ja, min far har det. Om jag inte har fel hade min mormor det också.",#VALUE!,#VALUE!,Ar diabetas būdingas jūsų šeimoje?,Bet kokios komplikacijos?,"Taip, mano tėvas tai turi. Jei aš neklydau, mano močiutė taip pat turėjo.",#VALUE!,#VALUE!,Vai diabēts ir izplatīts jūsu ģimenē?,Vai ir kādas komplikācijas?,"Jā, manam tēvam tas ir. Ja es nekļūdos, arī manai vecmāmiņai tas bija.",#VALUE!,#VALUE!
weight_change,Has your weight changed in the past years?,Weight change?,"Yeah, I gained weight after starting married life.","For the acute situation, this information is not a priority. Only in the case of further treatment or inpatient admission can further discussions be held in this regard. It is good that you did not ask this question in the acute situation.",This question is not necessary for the first medical history interview. It is good that you did not select it.,0,NeutralLegBehind9,,diet,,0,GermanText,GermanShort,GermanAnswer,"Für die akute Situation haben diese Informationen keine Priorität. Nur bei weiterer Behandlung oder stationärer Zulassung kann diesbezüglich weitere Diskussionen durchgeführt werden. Es ist gut, dass Sie diese Frage in der akuten Situation nicht gestellt haben.","Diese Frage ist für das erste Interview für Krankengeschichte nicht erforderlich. Es ist gut, dass Sie es nicht ausgewählt haben.",SwedishText,SwedishShort,SwedishAnswer,För den akuta situationen är denna information inte en prioritering. Endast i fallet med ytterligare behandling eller inpatientinträde kan ytterligare diskussioner hållas i detta avseende. Det är bra att du inte ställde denna fråga i den akuta situationen.,Denna fråga är inte nödvändig för den första medicinska historien. Det är bra att du inte valde det.,LithuanianText,LithuanianShort,LithuanianAnswer,"Dėl ūmios situacijos ši informacija nėra prioritetas. Tik tolesnio gydymo ar stacionarinio priėmimo atveju gali būti toliau diskutuojamos šiuo atžvilgiu. Gerai, kad jūs neuždavėte šio klausimo ūminėje situacijoje.","Šis klausimas nėra būtinas pirmajam pokalbiui dėl ligos istorijos. Gerai, kad jūs to nepasirinkote.",LatvianText,LatvianShort,LatvianAnswer,"Akūtā situācijā šī informācija nav prioritāte. Tikai turpmākas ārstēšanas vai stacionāras uzņemšanas gadījumā šajā sakarā var turpināt diskusijas. Ir labi, ka jūs neuzdodāt šo jautājumu akūtā situācijā.","Šis jautājums nav nepieciešams pirmajai intervijai medicīniskajā vēsturē. Ir labi, ka jūs to neizvēlējāties."
breakfast,What did you have for breakfast today?,Breakfast,A wholemeal bread with avocado cream and cheese. That's what my dietetics assistant recommended to me. I drank a huge cup of green tea.,"To be able to assess the current situation well, it is important to know what the patient had for breakfast. ","To be able to assess the current situation well, it is important to know what the patient had for breakfast.Please do not forget to ask about it. This will help to speed up the diagnosis.",0,NeutralThinking,,diet,,1,Was hatten Sie heute zum Frühstück?,Familiengeschichte?,Ein ganzes Brot mit Avocado -Sahne und Käse. Das hat mir mein Diätetikassistent empfohlen. Ich trank eine riesige Tasse grünen Tee.,"Für die akute Situation haben diese Informationen keine Priorität. Nur bei weiterer Behandlung oder stationärer Zulassung kann diesbezüglich weitere Diskussionen durchgeführt werden. Es ist gut, dass Sie diese Frage in der akuten Situation nicht gestellt haben.","Diese Frage ist für das erste Interview für Krankengeschichte nicht erforderlich. Es ist gut, dass Sie es nicht ausgewählt haben.",Vad hade du till frukost idag?,Familjehistoria?,Ett fullkornsbröd med avokadokräm och ost. Det är vad min dietetikassistent rekommenderade mig. Jag drack en enorm kopp grönt te.,För den akuta situationen är denna information inte en prioritering. Endast i fallet med ytterligare behandling eller inpatientinträde kan ytterligare diskussioner hållas i detta avseende. Det är bra att du inte ställde denna fråga i den akuta situationen.,Denna fråga är inte nödvändig för den första medicinska historien. Det är bra att du inte valde det.,Ką šiandien turėjote pusryčiams?,Šeimos istorija?,Viso grotelių duona su avokado kremu ir sūriu. Štai ką man rekomendavo mano dietologijos asistentas. Aš išgėriau didžiulį puodelį žaliosios arbatos.,"Dėl ūmios situacijos ši informacija nėra prioritetas. Tik tolesnio gydymo ar stacionarinio priėmimo atveju gali būti toliau diskutuojamos šiuo atžvilgiu. Gerai, kad jūs neuždavėte šio klausimo ūminėje situacijoje.","Šis klausimas nėra būtinas pirmajam pokalbiui dėl ligos istorijos. Gerai, kad jūs to nepasirinkote.",Kas jums šodien bija brokastīs?,Ģimenes vēsture?,Pilnīga maize ar avokado krējumu un sieru. To man ieteica mans dietolikas asistents. Es dzēru milzīgu tasi zaļās tējas.,"Akūtā situācijā šī informācija nav prioritāte. Tikai turpmākas ārstēšanas vai stacionāras uzņemšanas gadījumā šajā sakarā var turpināt diskusijas. Ir labi, ka jūs neuzdodāt šo jautājumu akūtā situācijā.","Šis jautājums nav nepieciešams pirmajai intervijai medicīniskajā vēsturē. Ir labi, ka jūs to neizvēlējāties."
nutritional_recommendations,Are you following any medical nutrition recommendations?,Nutritional recommendations?,"Yes, I try to follow my diet plan, but at the moment I have a lot of stress and eat irregularly.","For the acute situation, this information is not a priority. Only in the case of further treatment or inpatient admission can further discussions be held in this regard. It is good that you did not ask this question in the acute situation.",This question is not necessary for the first medical history interview. It is good that you did not select it.,0,NeutralLegBehind,,diet,,0,GermanText,GermanShort,GermanAnswer,"Für die akute Situation haben diese Informationen keine Priorität. Nur bei weiterer Behandlung oder stationärer Zulassung kann diesbezüglich weitere Diskussionen durchgeführt werden. Es ist gut, dass Sie diese Frage in der akuten Situation nicht gestellt haben.","Diese Frage ist für das erste Interview für Krankengeschichte nicht erforderlich. Es ist gut, dass Sie es nicht ausgewählt haben.",SwedishText,SwedishShort,SwedishAnswer,För den akuta situationen är denna information inte en prioritering. Endast i fallet med ytterligare behandling eller inpatientinträde kan ytterligare diskussioner hållas i detta avseende. Det är bra att du inte ställde denna fråga i den akuta situationen.,Denna fråga är inte nödvändig för den första medicinska historien. Det är bra att du inte valde det.,LithuanianText,LithuanianShort,LithuanianAnswer,"Dėl ūmios situacijos ši informacija nėra prioritetas. Tik tolesnio gydymo ar stacionarinio priėmimo atveju gali būti toliau diskutuojamos šiuo atžvilgiu. Gerai, kad jūs neuždavėte šio klausimo ūminėje situacijoje.","Šis klausimas nėra būtinas pirmajam pokalbiui dėl ligos istorijos. Gerai, kad jūs to nepasirinkote.",LatvianText,LatvianShort,LatvianAnswer,"Akūtā situācijā šī informācija nav prioritāte. Tikai turpmākas ārstēšanas vai stacionāras uzņemšanas gadījumā šajā sakarā var turpināt diskusijas. Ir labi, ka jūs neuzdodāt šo jautājumu akūtā situācijā.","Šis jautājums nav nepieciešams pirmajai intervijai medicīniskajā vēsturē. Ir labi, ka jūs to neizvēlējāties."
diet_plan,What diet plan do you typically follow?,Diet plan?,I make sure I eat a balanced diet and count carbohydrates.,"For the acute situation, this information is not a priority. Only in the case of further treatment or inpatient admission can further discussions be held in this regard. It is good that you did not ask this question in the acute situation.",This question is not necessary for the first medical history interview. It is good that you did not select it.,0,NeutralLegBehind,,diet,,0,Welchen Diätplan folgen Sie normalerweise?,Frühstück,"Ich stelle sicher, dass ich eine ausgewogene Ernährung aß und Kohlenhydrate zähle.","Um die aktuelle Situation gut zu beurteilen, ist es wichtig zu wissen, was der Patient zum Frühstück hatte.","Um die aktuelle Situation gut zu beurteilen, ist es wichtig zu wissen, was der Patient zum Frühstück hatte. Bitte vergessen Sie nicht, danach zu fragen. Dies wird dazu beitragen, die Diagnose zu beschleunigen.",Vilken dietplan följer du vanligtvis?,Frukost,Jag ser till att jag äter en balanserad diet och räknar kolhydrater.,För att kunna bedöma den nuvarande situationen väl är det viktigt att veta vad patienten hade till frukost.,För att kunna bedöma den nuvarande situationen väl är det viktigt att veta vad patienten hade till frukost. Glöm inte att fråga om det. Detta hjälper till att påskynda diagnosen.,Kokį dietos planą paprastai laikote?,Pusryčiai,"Aš įsitikinu, kad valgau subalansuotą dietą ir skaičiuoju angliavandenius.","Norint gerai įvertinti dabartinę situaciją, svarbu žinoti, ką pacientas turėjo pusryčiams.","Norint gerai įvertinti dabartinę situaciją, svarbu žinoti, ką pacientas turėjo pusryčiams. Nedaug - nepamirškite apie tai paklausti. Tai padės pagreitinti diagnozę.",Kādu diētas plānu jūs parasti ievērojat?,Brokastis,"Es pārliecinos, ka ēdu sabalansētu uzturu un skaitītu ogļhidrātus.","Lai labi novērtētu pašreizējo situāciju, ir svarīgi zināt, kas pacientam bija brokastīs.","Lai labi novērtētu pašreizējo situāciju, ir svarīgi zināt, kas pacientam bija brokastīs. Neaizmirstiet par to jautāt. Tas palīdzēs paātrināt diagnozi."
eating_habits_problems,Have you identified any problems with your eating habits?,Problems with eating habits?,At the moment I'm struggling because my everyday life is so stressful.,"For the acute situation, this information is not a priority. Only in the case of further treatment or inpatient admission can further discussions be held in this regard. It is good that you did not ask this question in the acute situation.",This question is not necessary for the first medical history interview. It is good that you did not select it.,0,NeutralThinking,,diet,,0,GermanText,GermanShort,GermanAnswer,"Für die akute Situation haben diese Informationen keine Priorität. Nur bei weiterer Behandlung oder stationärer Zulassung kann diesbezüglich weitere Diskussionen durchgeführt werden. Es ist gut, dass Sie diese Frage in der akuten Situation nicht gestellt haben.","Diese Frage ist für das erste Interview für Krankengeschichte nicht erforderlich. Es ist gut, dass Sie es nicht ausgewählt haben.",SwedishText,SwedishShort,SwedishAnswer,För den akuta situationen är denna information inte en prioritering. Endast i fallet med ytterligare behandling eller inpatientinträde kan ytterligare diskussioner hållas i detta avseende. Det är bra att du inte ställde denna fråga i den akuta situationen.,Denna fråga är inte nödvändig för den första medicinska historien. Det är bra att du inte valde det.,LithuanianText,LithuanianShort,LithuanianAnswer,"Dėl ūmios situacijos ši informacija nėra prioritetas. Tik tolesnio gydymo ar stacionarinio priėmimo atveju gali būti toliau diskutuojamos šiuo atžvilgiu. Gerai, kad jūs neuždavėte šio klausimo ūminėje situacijoje.","Šis klausimas nėra būtinas pirmajam pokalbiui dėl ligos istorijos. Gerai, kad jūs to nepasirinkote.",LatvianText,LatvianShort,LatvianAnswer,"Akūtā situācijā šī informācija nav prioritāte. Tikai turpmākas ārstēšanas vai stacionāras uzņemšanas gadījumā šajā sakarā var turpināt diskusijas. Ir labi, ka jūs neuzdodāt šo jautājumu akūtā situācijā.","Šis jautājums nav nepieciešams pirmajai intervijai medicīniskajā vēsturē. Ir labi, ka jūs to neizvēlējāties."
eating_habits,How often do you eat? what kind of food do you eat?,What are your eating habits?,"I try to eat four times a day, that's the best for me.","For the acute situation, this information is not a priority. Only in the case of further treatment or inpatient admission can further discussions be held in this regard. It is good that you did not ask this question in the acute situation.",This question is not necessary for the first medical history interview. It is good that you did not select it.,0,NeutralLegBehind,,diet,,0,Wie oft isst du? welche Art von Essen isst du?,Diät Plan?,"Ich versuche viermal am Tag zu essen, das ist das Beste für mich.","Für die akute Situation haben diese Informationen keine Priorität. Nur bei weiterer Behandlung oder stationärer Zulassung kann diesbezüglich weitere Diskussionen durchgeführt werden. Es ist gut, dass Sie diese Frage in der akuten Situation nicht gestellt haben.","Diese Frage ist für das erste Interview für Krankengeschichte nicht erforderlich. Es ist gut, dass Sie es nicht ausgewählt haben.",Hur ofta äter du? Vilken typ av mat äter du?,Dietplan?,"Jag försöker äta fyra gånger om dagen, det är det bästa för mig.",För den akuta situationen är denna information inte en prioritering. Endast i fallet med ytterligare behandling eller inpatientinträde kan ytterligare diskussioner hållas i detta avseende. Det är bra att du inte ställde denna fråga i den akuta situationen.,Denna fråga är inte nödvändig för den första medicinska historien. Det är bra att du inte valde det.,Kaip dažnai valgote? Kokį maistą valgote?,Dietos planas?,"Stengiuosi valgyti keturis kartus per dieną, tai man geriausia.","Dėl ūmios situacijos ši informacija nėra prioritetas. Tik tolesnio gydymo ar stacionarinio priėmimo atveju gali būti toliau diskutuojamos šiuo atžvilgiu. Gerai, kad jūs neuždavėte šio klausimo ūminėje situacijoje.","Šis klausimas nėra būtinas pirmajam pokalbiui dėl ligos istorijos. Gerai, kad jūs to nepasirinkote.",Cik bieži jūs ēdat? Kādu ēdienu jūs ēdat?,Diētas plāns?,"Es cenšos ēst četras reizes dienā, tas man ir labākais.","Akūtā situācijā šī informācija nav prioritāte. Tikai turpmākas ārstēšanas vai stacionāras uzņemšanas gadījumā šajā sakarā var turpināt diskusijas. Ir labi, ka jūs neuzdodāt šo jautājumu akūtā situācijā.","Šis jautājums nav nepieciešams pirmajai intervijai medicīniskajā vēsturē. Ir labi, ka jūs to neizvēlējāties."
food_preparation,How is your food prepared?,How is your food prepared?,I cook for my family and myself.,"For the acute situation, this information is not a priority. Only in the case of further treatment or inpatient admission can further discussions be held in this regard. It is good that you did not ask this question in the acute situation.",This question is not necessary for the first medical history interview. It is good that you did not select it.,0,NeutralLegBehind11,,diet,,0,GermanText,GermanShort,GermanAnswer,"Für die akute Situation haben diese Informationen keine Priorität. Nur bei weiterer Behandlung oder stationärer Zulassung kann diesbezüglich weitere Diskussionen durchgeführt werden. Es ist gut, dass Sie diese Frage in der akuten Situation nicht gestellt haben.","Diese Frage ist für das erste Interview für Krankengeschichte nicht erforderlich. Es ist gut, dass Sie es nicht ausgewählt haben.",SwedishText,SwedishShort,SwedishAnswer,För den akuta situationen är denna information inte en prioritering. Endast i fallet med ytterligare behandling eller inpatientinträde kan ytterligare diskussioner hållas i detta avseende. Det är bra att du inte ställde denna fråga i den akuta situationen.,Denna fråga är inte nödvändig för den första medicinska historien. Det är bra att du inte valde det.,LithuanianText,LithuanianShort,LithuanianAnswer,"Dėl ūmios situacijos ši informacija nėra prioritetas. Tik tolesnio gydymo ar stacionarinio priėmimo atveju gali būti toliau diskutuojamos šiuo atžvilgiu. Gerai, kad jūs neuždavėte šio klausimo ūminėje situacijoje.","Šis klausimas nėra būtinas pirmajam pokalbiui dėl ligos istorijos. Gerai, kad jūs to nepasirinkote.",LatvianText,LatvianShort,LatvianAnswer,"Akūtā situācijā šī informācija nav prioritāte. Tikai turpmākas ārstēšanas vai stacionāras uzņemšanas gadījumā šajā sakarā var turpināt diskusijas. Ir labi, ka jūs neuzdodāt šo jautājumu akūtā situācijā.","Šis jautājums nav nepieciešams pirmajai intervijai medicīniskajā vēsturē. Ir labi, ka jūs to neizvēlējāties."
sugary_drinks,Do you drink sugar sweetened drinks?,Sugary drinks?,No. don't like them.,"For the acute situation, this information is not a priority. Only in the case of further treatment or inpatient admission can further discussions be held in this regard. It is good that you did not ask this question in the acute situation.",This question is not necessary for the first medical history interview. It is good that you did not select it.,0,NeutralThinking,,diet,,0,Trinkst du Zucker gesüßte Getränke?,Was sind Ihre Essgewohnheiten?,Mag sie nicht.,"Für die akute Situation haben diese Informationen keine Priorität. Nur bei weiterer Behandlung oder stationärer Zulassung kann diesbezüglich weitere Diskussionen durchgeführt werden. Es ist gut, dass Sie diese Frage in der akuten Situation nicht gestellt haben.","Diese Frage ist für das erste Interview für Krankengeschichte nicht erforderlich. Es ist gut, dass Sie es nicht ausgewählt haben.",Dricker du socker sötade drycker?,Vilka är dina matvanor?,Nej. Gillar inte dem.,För den akuta situationen är denna information inte en prioritering. Endast i fallet med ytterligare behandling eller inpatientinträde kan ytterligare diskussioner hållas i detta avseende. Det är bra att du inte ställde denna fråga i den akuta situationen.,Denna fråga är inte nödvändig för den första medicinska historien. Det är bra att du inte valde det.,Ar geriate cukraus saldintus gėrimus?,Kokie jūsų valgymo įpročiai?,Ne. Jų nepatinka.,"Dėl ūmios situacijos ši informacija nėra prioritetas. Tik tolesnio gydymo ar stacionarinio priėmimo atveju gali būti toliau diskutuojamos šiuo atžvilgiu. Gerai, kad jūs neuždavėte šio klausimo ūminėje situacijoje.","Šis klausimas nėra būtinas pirmajam pokalbiui dėl ligos istorijos. Gerai, kad jūs to nepasirinkote.",Vai jūs dzerat cukura saldinātus dzērienus?,Kādi ir jūsu ēšanas paradumi?,Nē. Viņi nepatīk.,"Akūtā situācijā šī informācija nav prioritāte. Tikai turpmākas ārstēšanas vai stacionāras uzņemšanas gadījumā šajā sakarā var turpināt diskusijas. Ir labi, ka jūs neuzdodāt šo jautājumu akūtā situācijā.","Šis jautājums nav nepieciešams pirmajai intervijai medicīniskajā vēsturē. Ir labi, ka jūs to neizvēlējāties."
dietary_restrictions,"Please, do you have any religious or cultural diet requirements?",,"I'm jewish. I eat Kosher food. To be specific, I prefer fish dishes. ","For the acute situation, this information is not a priority. Only in the case of further treatment or inpatient admission can further discussions be held in this regard. It is good that you did not ask this question in the acute situation.",This question is not necessary for the first medical history interview. It is good that you did not select it.,0,NeutralLegBehind,,diet,,0,GermanText,GermanShort,GermanAnswer,"Für die akute Situation haben diese Informationen keine Priorität. Nur bei weiterer Behandlung oder stationärer Zulassung kann diesbezüglich weitere Diskussionen durchgeführt werden. Es ist gut, dass Sie diese Frage in der akuten Situation nicht gestellt haben.","Diese Frage ist für das erste Interview für Krankengeschichte nicht erforderlich. Es ist gut, dass Sie es nicht ausgewählt haben.",SwedishText,SwedishShort,SwedishAnswer,För den akuta situationen är denna information inte en prioritering. Endast i fallet med ytterligare behandling eller inpatientinträde kan ytterligare diskussioner hållas i detta avseende. Det är bra att du inte ställde denna fråga i den akuta situationen.,Denna fråga är inte nödvändig för den första medicinska historien. Det är bra att du inte valde det.,LithuanianText,LithuanianShort,LithuanianAnswer,"Dėl ūmios situacijos ši informacija nėra prioritetas. Tik tolesnio gydymo ar stacionarinio priėmimo atveju gali būti toliau diskutuojamos šiuo atžvilgiu. Gerai, kad jūs neuždavėte šio klausimo ūminėje situacijoje.","Šis klausimas nėra būtinas pirmajam pokalbiui dėl ligos istorijos. Gerai, kad jūs to nepasirinkote.",LatvianText,LatvianShort,LatvianAnswer,"Akūtā situācijā šī informācija nav prioritāte. Tikai turpmākas ārstēšanas vai stacionāras uzņemšanas gadījumā šajā sakarā var turpināt diskusijas. Ir labi, ka jūs neuzdodāt šo jautājumu akūtā situācijā.","Šis jautājums nav nepieciešams pirmajai intervijai medicīniskajā vēsturē. Ir labi, ka jūs to neizvēlējāties."
stress,Have you had any stress in the last few days?,Recent stress,"Yes, we are finishing a project, so I skip my meal somtimes. ",It is good to know if the patient is currently in an acute stress situation. Very thoughtful of you to ask this question.,"It is good to know if the patient is currently in an acute stress situation. If you ask these questions, you can assess the patient's current situation very well - so please do not forget to ask about it. Stress unfortunately often affects blood glucose values.",1,HappyThumbsUp,,lifestyle,,1,Haben Sie in den letzten Tagen einen Stress gehabt?,Zuckerhaltige Getränke?,"Ja, wir beenden ein Projekt, also überspringe ich meine Mahlzeit etwas.","Für die akute Situation haben diese Informationen keine Priorität. Nur bei weiterer Behandlung oder stationärer Zulassung kann diesbezüglich weitere Diskussionen durchgeführt werden. Es ist gut, dass Sie diese Frage in der akuten Situation nicht gestellt haben.","Diese Frage ist für das erste Interview für Krankengeschichte nicht erforderlich. Es ist gut, dass Sie es nicht ausgewählt haben.",Har du haft någon stress de senaste dagarna?,Sockerhaltiga drycker?,"Ja, vi avslutar ett projekt, så jag hoppar över min måltid ibland.",För den akuta situationen är denna information inte en prioritering. Endast i fallet med ytterligare behandling eller inpatientinträde kan ytterligare diskussioner hållas i detta avseende. Det är bra att du inte ställde denna fråga i den akuta situationen.,Denna fråga är inte nödvändig för den första medicinska historien. Det är bra att du inte valde det.,Ar per pastarąsias kelias dienas patyrėte stresą?,Saldžių gėrimų?,"Taip, mes baigiame projektą, todėl aš praleidžiu savo maistą.","Dėl ūmios situacijos ši informacija nėra prioritetas. Tik tolesnio gydymo ar stacionarinio priėmimo atveju gali būti toliau diskutuojamos šiuo atžvilgiu. Gerai, kad jūs neuždavėte šio klausimo ūminėje situacijoje.","Šis klausimas nėra būtinas pirmajam pokalbiui dėl ligos istorijos. Gerai, kad jūs to nepasirinkote.",Vai jums pēdējās dienās ir bijis kāds stress?,Saldie dzērieni?,"Jā, mēs pabeidzam projektu, tāpēc es palaidu maltīti somtimes.","Akūtā situācijā šī informācija nav prioritāte. Tikai turpmākas ārstēšanas vai stacionāras uzņemšanas gadījumā šajā sakarā var turpināt diskusijas. Ir labi, ka jūs neuzdodāt šo jautājumu akūtā situācijā.","Šis jautājums nav nepieciešams pirmajai intervijai medicīniskajā vēsturē. Ir labi, ka jūs to neizvēlējāties."
alcohol,How often do you have alcoholic drinks?,Alcohol frequency,Very rarely. Sometimes a glass of wine with my wife.,"For the acute situation, this information is not a priority. Only in the case of further treatment or inpatient admission can further discussions be held in this regard. It is good that you did not ask this question in the acute situation.",This question is not necessary for the first medical history interview. It is good that you did not select it.,0,NeutralThinking,,lifestyle,,0,GermanText,GermanShort,GermanAnswer,"Für die akute Situation haben diese Informationen keine Priorität. Nur bei weiterer Behandlung oder stationärer Zulassung kann diesbezüglich weitere Diskussionen durchgeführt werden. Es ist gut, dass Sie diese Frage in der akuten Situation nicht gestellt haben.","Diese Frage ist für das erste Interview für Krankengeschichte nicht erforderlich. Es ist gut, dass Sie es nicht ausgewählt haben.",SwedishText,SwedishShort,SwedishAnswer,För den akuta situationen är denna information inte en prioritering. Endast i fallet med ytterligare behandling eller inpatientinträde kan ytterligare diskussioner hållas i detta avseende. Det är bra att du inte ställde denna fråga i den akuta situationen.,Denna fråga är inte nödvändig för den första medicinska historien. Det är bra att du inte valde det.,LithuanianText,LithuanianShort,LithuanianAnswer,"Dėl ūmios situacijos ši informacija nėra prioritetas. Tik tolesnio gydymo ar stacionarinio priėmimo atveju gali būti toliau diskutuojamos šiuo atžvilgiu. Gerai, kad jūs neuždavėte šio klausimo ūminėje situacijoje.","Šis klausimas nėra būtinas pirmajam pokalbiui dėl ligos istorijos. Gerai, kad jūs to nepasirinkote.",LatvianText,LatvianShort,LatvianAnswer,"Akūtā situācijā šī informācija nav prioritāte. Tikai turpmākas ārstēšanas vai stacionāras uzņemšanas gadījumā šajā sakarā var turpināt diskusijas. Ir labi, ka jūs neuzdodāt šo jautājumu akūtā situācijā.","Šis jautājums nav nepieciešams pirmajai intervijai medicīniskajā vēsturē. Ir labi, ka jūs to neizvēlējāties."
tobacco,Do you smoke or chew tobacco?,Tobacco usage,No.,"For the acute situation, this information is not a priority. Only in the case of further treatment or inpatient admission can further discussions be held in this regard. It is good that you did not ask this question in the acute situation.",This question is not necessary for the first medical history interview. It is good that you did not select it.,0,NeutralLegBehind,,lifestyle,,0,Rauchen oder kauen Sie Tabak?,Jüngster Stress,Nein.,"Es ist gut zu wissen, ob sich der Patient derzeit in einer akuten Stresssituation befindet. Sehr nachdenklich von Ihnen, diese Frage zu stellen.","Es ist gut zu wissen, ob sich der Patient derzeit in einer akuten Stresssituation befindet. Wenn Sie diese Fragen stellen, können Sie die aktuelle Situation des Patienten sehr gut bewerten. Bitte vergessen Sie also nicht, darüber zu fragen. Stress wirkt sich leider oft auf die Blutzuckerwerte aus.",Röker du eller tuggar tobak?,Nyligen stress,Nej.,Det är bra att veta om patienten för närvarande är i en akut stresssituation. Mycket tankeväckande av dig att ställa denna fråga.,Det är bra att veta om patienten för närvarande är i en akut stresssituation. Om du ställer dessa frågor kan du bedöma patientens nuvarande situation mycket bra - så glöm inte att fråga om det. Stress påverkar tyvärr ofta blodglukosvärden.,Ar rūkote ar kramto tabaką?,Naujausias stresas,Nr.,"Gera žinoti, ar pacientas šiuo metu patiria ūminę stresą. Labai apgalvota užduoti šį klausimą.","Gera žinoti, ar pacientas šiuo metu patiria ūminę stresą. Jei užduosite šiuos klausimus, galite labai gerai įvertinti dabartinę paciento situaciją - todėl nepamirškite apie tai paklausti. Stresas, deja, dažnai daro įtaką gliukozės kiekiui kraujyje.",Vai jūs smēķējat vai košļājat tabaku?,Nesenais stress,Nē.,"Ir labi zināt, vai pacients pašlaik atrodas akūta stresa situācijā. Ļoti pārdomāts par jums uzdot šo jautājumu.","Ir labi zināt, vai pacients pašlaik atrodas akūta stresa situācijā. Ja uzdodat šos jautājumus, jūs varat ļoti labi novērtēt pacienta pašreizējo situāciju - tāpēc, lūdzu, neaizmirstiet par to jautāt. Stress diemžēl bieži ietekmē glikozes līmeni asinīs."
children,Do you have children?,Do you have children?,"Yes, I have two. They have just started school right now and I worry about them.","For the acute situation, this information is not a priority. Only in the case of further treatment or inpatient admission can further discussions be held in this regard. It is good that you did not ask this question in the acute situation.",This question is not necessary for the first medical history interview. It is good that you did not select it.,1,HappyFistToChest,,lifestyle,,0,GermanText,GermanShort,GermanAnswer,"Für die akute Situation haben diese Informationen keine Priorität. Nur bei weiterer Behandlung oder stationärer Zulassung kann diesbezüglich weitere Diskussionen durchgeführt werden. Es ist gut, dass Sie diese Frage in der akuten Situation nicht gestellt haben.","Diese Frage ist für das erste Interview für Krankengeschichte nicht erforderlich. Es ist gut, dass Sie es nicht ausgewählt haben.",SwedishText,SwedishShort,SwedishAnswer,För den akuta situationen är denna information inte en prioritering. Endast i fallet med ytterligare behandling eller inpatientinträde kan ytterligare diskussioner hållas i detta avseende. Det är bra att du inte ställde denna fråga i den akuta situationen.,Denna fråga är inte nödvändig för den första medicinska historien. Det är bra att du inte valde det.,LithuanianText,LithuanianShort,LithuanianAnswer,"Dėl ūmios situacijos ši informacija nėra prioritetas. Tik tolesnio gydymo ar stacionarinio priėmimo atveju gali būti toliau diskutuojamos šiuo atžvilgiu. Gerai, kad jūs neuždavėte šio klausimo ūminėje situacijoje.","Šis klausimas nėra būtinas pirmajam pokalbiui dėl ligos istorijos. Gerai, kad jūs to nepasirinkote.",LatvianText,LatvianShort,LatvianAnswer,"Akūtā situācijā šī informācija nav prioritāte. Tikai turpmākas ārstēšanas vai stacionāras uzņemšanas gadījumā šajā sakarā var turpināt diskusijas. Ir labi, ka jūs neuzdodāt šo jautājumu akūtā situācijā.","Šis jautājums nav nepieciešams pirmajai intervijai medicīniskajā vēsturē. Ir labi, ka jūs to neizvēlējāties."
work,What is your work?,What is your work?,I work as a marketing manager in a large company.,"For the acute situation, this information is not a priority. Only in the case of further treatment or inpatient admission can further discussions be held in this regard. It is good that you did not ask this question in the acute situation.",This question is not necessary for the first medical history interview. It is good that you did not select it.,0,NeutralThinking,,lifestyle,,0,Was ist deine Arbeit?,Tabakverbrauch,Ich arbeite als Marketingmanager in einem großen Unternehmen.,"Für die akute Situation haben diese Informationen keine Priorität. Nur bei weiterer Behandlung oder stationärer Zulassung kann diesbezüglich weitere Diskussionen durchgeführt werden. Es ist gut, dass Sie diese Frage in der akuten Situation nicht gestellt haben.","Diese Frage ist für das erste Interview für Krankengeschichte nicht erforderlich. Es ist gut, dass Sie es nicht ausgewählt haben.",Vad jobbar du med?,Tobaksanvändning,Jag arbetar som marknadschef i ett stort företag.,För den akuta situationen är denna information inte en prioritering. Endast i fallet med ytterligare behandling eller inpatientinträde kan ytterligare diskussioner hållas i detta avseende. Det är bra att du inte ställde denna fråga i den akuta situationen.,Denna fråga är inte nödvändig för den första medicinska historien. Det är bra att du inte valde det.,Koks tavo darbas?,Tabako naudojimas,Aš dirbu rinkodaros vadybininku didelėje įmonėje.,"Dėl ūmios situacijos ši informacija nėra prioritetas. Tik tolesnio gydymo ar stacionarinio priėmimo atveju gali būti toliau diskutuojamos šiuo atžvilgiu. Gerai, kad jūs neuždavėte šio klausimo ūminėje situacijoje.","Šis klausimas nėra būtinas pirmajam pokalbiui dėl ligos istorijos. Gerai, kad jūs to nepasirinkote.",Kāds ir tavs darbs?,Tabakas lietošana,Es strādāju par mārketinga vadītāju lielā uzņēmumā.,"Akūtā situācijā šī informācija nav prioritāte. Tikai turpmākas ārstēšanas vai stacionāras uzņemšanas gadījumā šajā sakarā var turpināt diskusijas. Ir labi, ka jūs neuzdodāt šo jautājumu akūtā situācijā.","Šis jautājums nav nepieciešams pirmajai intervijai medicīniskajā vēsturē. Ir labi, ka jūs to neizvēlējāties."
emergency_contacts,Who should we contact in an emergency?,Emergency contact?,"My husband David, please. ","It is always important to know who should be notified in an emergency. It's good that you ask, because an emergency can happen quickly in the event of a blood sugar imbalance.","Please do not forget to ask who should be notified in an emergency. This information is very important because in the event of a blood glucose imbalance, an emergency can occur very quickly.",0,NeutralLegBehind,,lifestyle,,1,GermanText,GermanShort,GermanAnswer,"Für die akute Situation haben diese Informationen keine Priorität. Nur bei weiterer Behandlung oder stationärer Zulassung kann diesbezüglich weitere Diskussionen durchgeführt werden. Es ist gut, dass Sie diese Frage in der akuten Situation nicht gestellt haben.","Diese Frage ist für das erste Interview für Krankengeschichte nicht erforderlich. Es ist gut, dass Sie es nicht ausgewählt haben.",SwedishText,SwedishShort,SwedishAnswer,För den akuta situationen är denna information inte en prioritering. Endast i fallet med ytterligare behandling eller inpatientinträde kan ytterligare diskussioner hållas i detta avseende. Det är bra att du inte ställde denna fråga i den akuta situationen.,Denna fråga är inte nödvändig för den första medicinska historien. Det är bra att du inte valde det.,LithuanianText,LithuanianShort,LithuanianAnswer,"Dėl ūmios situacijos ši informacija nėra prioritetas. Tik tolesnio gydymo ar stacionarinio priėmimo atveju gali būti toliau diskutuojamos šiuo atžvilgiu. Gerai, kad jūs neuždavėte šio klausimo ūminėje situacijoje.","Šis klausimas nėra būtinas pirmajam pokalbiui dėl ligos istorijos. Gerai, kad jūs to nepasirinkote.",LatvianText,LatvianShort,LatvianAnswer,"Akūtā situācijā šī informācija nav prioritāte. Tikai turpmākas ārstēšanas vai stacionāras uzņemšanas gadījumā šajā sakarā var turpināt diskusijas. Ir labi, ka jūs neuzdodāt šo jautājumu akūtā situācijā.","Šis jautājums nav nepieciešams pirmajai intervijai medicīniskajā vēsturē. Ir labi, ka jūs to neizvēlējāties."
physical_activity_advise,Have you been advised to be physically active?,Adviced for physical activity?,"Yes, my physician has told me.","For the acute situation, this information is not a priority. Only in the case of further treatment or inpatient admission can further discussions be held in this regard. It is good that you did not ask this question in the acute situation.",This question is not necessary for the first medical history interview. It is good that you did not select it.,0,NeutralLegBehind14,,lifestyle,,0,"Wurde Ihnen empfohlen, körperlich aktiv zu sein?",Was ist deine Arbeit?,"Ja, mein Arzt hat es mir gesagt.","Für die akute Situation haben diese Informationen keine Priorität. Nur bei weiterer Behandlung oder stationärer Zulassung kann diesbezüglich weitere Diskussionen durchgeführt werden. Es ist gut, dass Sie diese Frage in der akuten Situation nicht gestellt haben.","Diese Frage ist für das erste Interview für Krankengeschichte nicht erforderlich. Es ist gut, dass Sie es nicht ausgewählt haben.",Har du uppmanats att vara fysiskt aktiv?,Vad jobbar du med?,"Ja, min läkare har sagt till mig.",För den akuta situationen är denna information inte en prioritering. Endast i fallet med ytterligare behandling eller inpatientinträde kan ytterligare diskussioner hållas i detta avseende. Det är bra att du inte ställde denna fråga i den akuta situationen.,Denna fråga är inte nödvändig för den första medicinska historien. Det är bra att du inte valde det.,Ar jums buvo patarta būti fiziškai aktyviems?,Koks tavo darbas?,"Taip, mano gydytojas man pasakė.","Dėl ūmios situacijos ši informacija nėra prioritetas. Tik tolesnio gydymo ar stacionarinio priėmimo atveju gali būti toliau diskutuojamos šiuo atžvilgiu. Gerai, kad jūs neuždavėte šio klausimo ūminėje situacijoje.","Šis klausimas nėra būtinas pirmajam pokalbiui dėl ligos istorijos. Gerai, kad jūs to nepasirinkote.",Vai jums ir ieteikts būt fiziski aktīvs?,Kāds ir tavs darbs?,"Jā, mans ārsts man ir teicis.","Akūtā situācijā šī informācija nav prioritāte. Tikai turpmākas ārstēšanas vai stacionāras uzņemšanas gadījumā šajā sakarā var turpināt diskusijas. Ir labi, ka jūs neuzdodāt šo jautājumu akūtā situācijā.","Šis jautājums nav nepieciešams pirmajai intervijai medicīniskajā vēsturē. Ir labi, ka jūs to neizvēlējāties."
physical_activity,Do you do sport regularly?,Do you do sport regularly?,I ride my bike to work every day. But apart from that I don't do any sport.,"For the acute situation, this information is not a priority. Only in the case of further treatment or inpatient admission can further discussions be held in this regard. It is good that you did not ask this question in the acute situation.",This question is not necessary for the first medical history interview. It is good that you did not select it.,0,NeutralThinking,,lifestyle,,0,GermanText,GermanShort,GermanAnswer,"Es ist immer wichtig zu wissen, wer im Notfall benachrichtigt werden sollte. Es ist gut, dass Sie fragen, weil ein Notfall im Falle eines Blutzuckerungleichgewichts schnell stattfinden kann.","Bitte vergessen Sie nicht zu fragen, wer im Notfall benachrichtigt werden sollte. Diese Informationen sind sehr wichtig, da bei einem Blutzuckerungleichgewicht ein Notfall sehr schnell auftreten kann.",SwedishText,SwedishShort,SwedishAnswer,"Det är alltid viktigt att veta vem som ska meddelas i en nödsituation. Det är bra att du frågar, eftersom en nödsituation kan hända snabbt vid en obalans av blodsocker.",Glöm inte att fråga vem som ska meddelas i en nödsituation. Denna information är mycket viktig eftersom en nödsituation kan inträffa mycket snabbt i händelse av en blodsockerobalans.,LithuanianText,LithuanianShort,LithuanianAnswer,"Visada svarbu žinoti, kam reikėtų pranešti kritinėje situacijoje. Gerai, kad jūs klausiate, nes ekstremali situacija gali įvykti greitai, jei cukraus kraujyje disbalansas kraujyje.","Nepamirškite paklausti, kam reikėtų pranešti kritinėje situacijoje. Ši informacija yra labai svarbi, nes esant gliukozės kraujo pusiausvyros sutrikimui, avarija gali įvykti labai greitai.",LatvianText,LatvianShort,LatvianAnswer,"Vienmēr ir svarīgi zināt, kurš par to jāpaziņo ārkārtas situācijā. Tas ir labi, ka jūs jautājat, jo ārkārtas situācija var ātri notikt cukura līmeņa nelīdzsvarotības gadījumā.","Lūdzu, neaizmirstiet jautāt, par kuru būtu jāpaziņo ārkārtas situācijā. Šī informācija ir ļoti svarīga, jo glikozes nelīdzsvarotības gadījumā asinīs var rasties ārkārtas situācija."
end_scenario,"To continue I will call a doctor and  I need to measure your blood glucose level, which involves taking a very small blood sample from your fingertip. You will experience a sharp scratch when I take the sample, but this should be very brief. ",End Scenario,"Well, thank you!",Very good - it is important to explain to the patient what steps you are now taking.,Please do not forget to inform the patient about the next steps in the treatment process.,0,NeutralLegBehind,,next_steps,,1,"Um fortzufahren, rufe ich einen Arzt an und muss Ihren Blutzuckerspiegel messen, bei dem eine sehr kleine Blutprobe von der Fingerspitze entnommen wird. Sie werden einen scharfen Kratzer erleben, wenn ich die Probe nehme, aber dies sollte sehr kurz sein.",Für körperliche Aktivität raten?,"Nun, danke!","Für die akute Situation haben diese Informationen keine Priorität. Nur bei weiterer Behandlung oder stationärer Zulassung kann diesbezüglich weitere Diskussionen durchgeführt werden. Es ist gut, dass Sie diese Frage in der akuten Situation nicht gestellt haben.","Diese Frage ist für das erste Interview für Krankengeschichte nicht erforderlich. Es ist gut, dass Sie es nicht ausgewählt haben.","För att fortsätta kommer jag att ringa en läkare och jag måste mäta din blodglukosnivå, vilket innebär att ta ett mycket litet blodprov från fingret. Du kommer att uppleva en skarp repa när jag tar provet, men det borde vara mycket kort.",Råd för fysisk aktivitet?,Tack!,För den akuta situationen är denna information inte en prioritering. Endast i fallet med ytterligare behandling eller inpatientinträde kan ytterligare diskussioner hållas i detta avseende. Det är bra att du inte ställde denna fråga i den akuta situationen.,Denna fråga är inte nödvändig för den första medicinska historien. Det är bra att du inte valde det.,"Norėdami tęsti, paskambinsiu pas gydytoją ir man reikia išmatuoti jūsų gliukozės kiekį kraujyje, o tai reiškia, kad iš pirštų galiukų reikia paimti labai mažą kraujo mėginį. Kai imu pavyzdį, patirsite aštrų įbrėžimą, tačiau tai turėtų būti labai trumpas.",Patarėte dėl fizinio aktyvumo?,"Na, ačiū jums!","Dėl ūmios situacijos ši informacija nėra prioritetas. Tik tolesnio gydymo ar stacionarinio priėmimo atveju gali būti toliau diskutuojamos šiuo atžvilgiu. Gerai, kad jūs neuždavėte šio klausimo ūminėje situacijoje.","Šis klausimas nėra būtinas pirmajam pokalbiui dėl ligos istorijos. Gerai, kad jūs to nepasirinkote.","Lai turpinātu, es piezvanīšu ārstam, un man ir jānovērtē jūsu glikozes līmenis asinīs, kas ietver ļoti maza asins parauga ņemšanu no pirksta. Kad ņemsit paraugu, jūs piedzīvosit asu skrāpējumu, bet tam vajadzētu būt ļoti īsam.",Ieteicams veikt fiziskas aktivitātes?,Nu paldies!,"Akūtā situācijā šī informācija nav prioritāte. Tikai turpmākas ārstēšanas vai stacionāras uzņemšanas gadījumā šajā sakarā var turpināt diskusijas. Ir labi, ka jūs neuzdodāt šo jautājumu akūtā situācijā.","Šis jautājums nav nepieciešams pirmajai intervijai medicīniskajā vēsturē. Ir labi, ka jūs to neizvēlējāties."